param	n	pearson	p	sigma
ENVIRONMENTAL	7
Strain_MG1655   	589	-0.3665	3.095e-18	9.5424
Treatment_pH    	589	0.2394	5.037e-07	5.9736
Medium_LB_HOMOPIPES	589	0.2439	2.528e-07	6.0928
Treatment_KCl   	589	0.2439	2.528e-07	6.0928
Treatment_DMF   	589	0.3341	8.371e-15	8.5889
Treatment_biofilm	589	0.3554	5.212e-17	9.2111
Strain_BW25113  	589	0.3905	4.400e-21	10.2775
GENE	1265
gltI	589	-0.5413	3.533e-46	15.5989
nlpA	589	-0.5058	6.219e-39	14.2064
purL	589	-0.505	9.094e-39	14.1737
nadB	589	-0.4843	5.47e-35	13.4102
nadA	589	-0.4792	4.091e-34	13.2295
xanP	589	-0.4776	7.986e-34	13.1690
sstT	589	-0.4738	3.454e-33	13.0360
pstS	589	-0.4696	1.76e-32	12.8869
yhjE	589	-0.4668	5.143e-32	12.7881
argH	589	-0.4579	1.425e-30	12.4785
aroP	589	-0.4511	1.642e-29	12.2471
rhtB	589	-0.4502	2.255e-29	12.2169
iap	589	-0.4497	2.714e-29	12.1992
pstB	589	-0.4425	3.403e-28	11.9558
entD	589	-0.4329	9.090e-27	11.6339
molR_1	589	-0.4329	9.045e-27	11.6344
gltL	589	-0.4287	3.656e-26	11.4956
yiiF	589	-0.4267	7.033e-26	11.4301
tyrB	589	-0.4254	1.049e-25	11.3899
b3004	589	-0.4174	1.378e-24	11.1287
argR	589	-0.4157	2.328e-24	11.0749
solA	589	-0.4147	3.214e-24	11.0418
gltF	589	-0.414	4.019e-24	11.0187
purH	589	-0.412	7.420e-24	10.9554
gltK	589	-0.4083	2.315e-23	10.8370
essD	589	-0.4076	2.831e-23	10.8159
ycgX	589	-0.4074	3.041e-23	10.8085
thiD	589	-0.407	3.453e-23	10.7952
metF	589	-0.4068	3.712e-23	10.7876
pqqL	589	-0.4067	3.767e-23	10.7860
rspB	589	-0.4062	4.415e-23	10.7694
pliG	589	-0.4054	5.657e-23	10.7433
yddB	589	-0.4046	7.037e-23	10.7204
allE	589	-0.4031	1.112e-22	10.6721
yfjL	589	-0.4011	2.005e-22	10.6096
yqiC	589	-0.4003	2.586e-22	10.5826
alaA	589	-0.3976	5.654e-22	10.4991
phoU	589	-0.3976	5.653e-22	10.4991
argP	589	-0.3943	1.487e-21	10.3951
casD	589	-0.3943	1.475e-21	10.3960
metR	589	-0.3938	1.695e-21	10.3810
trpL	589	-0.3938	1.699e-21	10.3807
yddA	589	-0.3937	1.771e-21	10.3763
ygjV	589	-0.3935	1.890e-21	10.3692
ydeP	589	-0.3898	5.333e-21	10.2565
bglF	589	-0.3897	5.597e-21	10.2513
chbG	589	-0.3895	5.903e-21	10.2455
pstC	589	-0.389	6.836e-21	10.2294
bisC	589	-0.3878	9.437e-21	10.1942
ygeA	589	-0.3876	1.013e-20	10.1864
cyaA	589	-0.3873	1.080e-20	10.1793
rspA	589	-0.3871	1.154e-20	10.1721
malY	589	-0.3832	3.440e-20	10.0516
djlC	589	-0.3825	4.179e-20	10.0300
yfjT	589	-0.3817	5.211e-20	10.0055
cas1	589	-0.3815	5.457e-20	10.0003
ybfB	589	-0.3811	6.130e-20	9.9874
argA	589	-0.3787	1.195e-19	9.9128
yhfZ	589	-0.3785	1.249e-19	9.9078
argG	589	-0.3771	1.858e-19	9.8632
b0105	589	-0.377	1.872e-19	9.8623
yigF	589	-0.3764	2.195e-19	9.8444
ycgH_1	589	-0.3759	2.558e-19	9.8272
bluF	589	-0.3755	2.839e-19	9.8154
ynjI	589	-0.3749	3.339e-19	9.7971
appY	589	-0.3729	5.703e-19	9.7363
yfjM	589	-0.372	7.279e-19	9.7085
guaD	589	-0.3714	8.542e-19	9.6903
ybdL	589	-0.3712	8.872e-19	9.6859
zinT	589	-0.3712	8.913e-19	9.6854
casC	589	-0.3707	1.006e-18	9.6716
aaeR	589	-0.3705	1.082e-18	9.6632
yhjV	589	-0.3703	1.118e-18	9.6595
b1437	589	-0.3701	1.201e-18	9.6513
ycjD	589	-0.3698	1.282e-18	9.6439
ydeM	589	-0.3678	2.203e-18	9.5816
gspD	589	-0.3678	2.155e-18	9.5841
ssrA	589	-0.3677	2.263e-18	9.5785
ybfP	589	-0.3667	2.880e-18	9.5507
yidR	589	-0.3665	3.040e-18	9.5444
yfdX	589	-0.3664	3.178e-18	9.5393
ydbA_1	589	-0.3662	3.284e-18	9.5355
ygcE	589	-0.3662	3.319e-18	9.5343
ygiS	589	-0.3658	3.662e-18	9.5229
atoD	589	-0.3653	4.202e-18	9.5069
ycgH_2	589	-0.3646	5.036e-18	9.4859
mngB	589	-0.3644	5.288e-18	9.4803
fepA	589	-0.3642	5.568e-18	9.4743
yfdQ	589	-0.3642	5.594e-18	9.4737
yibA	589	-0.3638	6.149e-18	9.4627
yfeS	589	-0.3634	6.846e-18	9.4502
envY	589	-0.3629	7.699e-18	9.4365
yfaQ	589	-0.3624	8.848e-18	9.4203
yiaN	589	-0.3619	1.012e-17	9.4046
evgS	589	-0.3619	1.006e-17	9.4053
ilvB	589	-0.3617	1.047e-17	9.4005
yrhB	589	-0.3613	1.165e-17	9.3881
pheP	589	-0.3610	1.254e-17	9.3795
livM	589	-0.3604	1.478e-17	9.3602
ydfE	589	-0.3600	1.625e-17	9.3490
ycaN	589	-0.3599	1.672e-17	9.3456
dicB	589	-0.3594	1.916e-17	9.3296
yfjI	589	-0.3594	1.890e-17	9.3312
ygiD	589	-0.3593	1.920e-17	9.3294
yggP	589	-0.3582	2.570e-17	9.2950
yedX	589	-0.3581	2.617e-17	9.2928
yfdT	589	-0.3575	3.083e-17	9.2734
yiaT	589	-0.3572	3.261e-17	9.2668
trpS	589	-0.3569	3.540e-17	9.2571
yfjH	589	-0.3566	3.803e-17	9.2486
yqgD	589	-0.3566	3.851e-17	9.2471
yccS	589	-0.3557	4.759e-17	9.2220
yraJ	589	-0.3553	5.355e-17	9.2079
pgaB	589	-0.3550	5.768e-17	9.1991
ygaC	589	-0.3544	6.701e-17	9.1812
rhaA	589	-0.3543	6.813e-17	9.1792
psiE	589	-0.3541	7.122e-17	9.1739
ydiY	589	-0.3539	7.570e-17	9.1666
idnK	589	-0.3537	7.843e-17	9.1624
ybcY	589	-0.3532	8.883e-17	9.1475
yaiW	589	-0.3529	9.567e-17	9.1386
soxS	589	-0.3529	9.565e-17	9.1386
yhjC	589	-0.3523	1.106e-16	9.1212
ydaS	589	-0.3522	1.143e-16	9.1173
yfbO	589	-0.3520	1.209e-16	9.1105
ybdO	589	-0.3519	1.244e-16	9.1071
gspC	589	-0.3514	1.377e-16	9.0948
yceO	589	-0.3506	1.700e-16	9.0695
aslB	589	-0.3497	2.104e-16	9.0437
dpiB	589	-0.3494	2.283e-16	9.0339
bcsF	589	-0.3494	2.255e-16	9.0353
grxA	589	-0.3493	2.348e-16	9.0305
arsB	589	-0.3489	2.556e-16	9.0202
yaiT	589	-0.3489	2.543e-16	9.0208
ygcP	589	-0.3489	2.535e-16	9.0212
shiA	589	-0.3488	2.594e-16	9.0184
argO	589	-0.3488	2.606e-16	9.0179
ypjF	589	-0.3487	2.713e-16	9.0130
aaeX	589	-0.3482	3.057e-16	8.9985
insK	589	-0.3477	3.406e-16	8.9854
yfjK	589	-0.3475	3.581e-16	8.9793
ybdG	589	-0.3470	4.096e-16	8.9629
ysaA	589	-0.3467	4.310e-16	8.9567
yfcQ	589	-0.3466	4.504e-16	8.9514
yhgA	589	-0.3464	4.632e-16	8.9479
yjhE	589	-0.3464	4.649e-16	8.9475
potE	589	-0.3463	4.844e-16	8.9425
yegW	589	-0.3457	5.532e-16	8.9263
yceQ	589	-0.3456	5.686e-16	8.9229
yqhH	589	-0.3454	5.911e-16	8.9182
ypjM_2	589	-0.3446	7.150e-16	8.8949
insJ	589	-0.3446	7.284e-16	8.8926
cas2	589	-0.3445	7.362e-16	8.8913
aroE	589	-0.3444	7.548e-16	8.8882
glnD	589	-0.3442	7.881e-16	8.8829
purT	589	-0.344	8.263e-16	8.8771
dkgB	589	-0.3439	8.553e-16	8.8729
ydjG	589	-0.3438	8.675e-16	8.8711
fimZ	589	-0.3436	9.091e-16	8.8654
fruB	589	-0.3433	9.912e-16	8.8548
yggC	589	-0.3431	1.041e-15	8.8488
ydiP	589	-0.3429	1.085e-15	8.8436
ydfA	589	-0.3429	1.093e-15	8.8427
yadD	589	-0.3428	1.113e-15	8.8405
yieH	589	-0.3427	1.123e-15	8.8394
elfG	589	-0.3418	1.395e-15	8.8126
yfbP	589	-0.3418	1.391e-15	8.8130
yjeJ	589	-0.3418	1.404e-15	8.8119
tynA	589	-0.3414	1.546e-15	8.8000
ssuA	589	-0.3413	1.568e-15	8.7982
yhhY	589	-0.3407	1.822e-15	8.7796
yhhZ	589	-0.3405	1.893e-15	8.7749
lysC	589	-0.34	2.141e-15	8.7596
yafS	589	-0.34	2.153e-15	8.7589
ybcW	589	-0.3398	2.258e-15	8.7530
mqsR	589	-0.3398	2.262e-15	8.7528
gfcC	589	-0.3396	2.365e-15	8.7472
intB	589	-0.3389	2.746e-15	8.7286
cdh	589	-0.3388	2.826e-15	8.7250
bglA	589	-0.3386	3.003e-15	8.7175
dgoA	589	-0.3386	2.944e-15	8.7200
atoE	589	-0.3382	3.255e-15	8.7074
ydeO	589	-0.3381	3.368e-15	8.7032
csgE	589	-0.3379	3.464e-15	8.6997
ulaR	589	-0.3377	3.630e-15	8.6938
yraK	589	-0.3376	3.738e-15	8.6901
alr	589	-0.3369	4.398e-15	8.6698
yhdJ	589	-0.3369	4.388e-15	8.6701
yicJ	589	-0.3367	4.586e-15	8.6646
yhcF	589	-0.3365	4.800e-15	8.6589
aaeB	589	-0.3363	5.056e-15	8.6523
yedZ	589	-0.3362	5.251e-15	8.6476
lipB	589	-0.3361	5.288e-15	8.6467
ybdF	589	-0.336	5.391e-15	8.6443
yqiG	589	-0.3359	5.591e-15	8.6397
ygeP	589	-0.3355	6.165e-15	8.6274
ymfA	589	-0.3353	6.435e-15	8.6220
xdhD	589	-0.3351	6.746e-15	8.6161
ygiL	589	-0.335	6.899e-15	8.6133
yigI	589	-0.3348	7.22e-15	8.6075
ycbF	589	-0.3346	7.49e-15	8.6029
hofP	589	-0.3344	7.874e-15	8.5966
yafC	589	-0.3343	8.045e-15	8.5939
yceG	589	-0.3343	8.068e-15	8.5935
argD	589	-0.3339	8.723e-15	8.5837
ygbK	589	-0.3339	8.864e-15	8.5817
djlB	589	-0.3337	9.205e-15	8.5769
ygeN	589	-0.3337	9.16e-15	8.5775
sfmD	589	-0.3335	9.679e-15	8.5705
ybgO	589	-0.3332	1.038e-14	8.5617
bglB	589	-0.3332	1.025e-14	8.5633
ylbH	589	-0.333	1.081e-14	8.5565
tktA	589	-0.3329	1.10e-14	8.5544
yafT	589	-0.3329	1.121e-14	8.5520
idnD	589	-0.3326	1.184e-14	8.5451
waaK	589	-0.3325	1.215e-14	8.5418
yghD	589	-0.3325	1.207e-14	8.5426
acrF	589	-0.332	1.346e-14	8.5287
sbcC	589	-0.3315	1.537e-14	8.5119
rsmI	589	-0.3313	1.595e-14	8.5072
yhhH	589	-0.331	1.712e-14	8.4981
yhfL	589	-0.3309	1.738e-14	8.4962
yhgN	589	-0.3307	1.841e-14	8.4889
rhsB	589	-0.3307	1.817e-14	8.4905
yodB	589	-0.3305	1.932e-14	8.4827
yigG	589	-0.3303	1.999e-14	8.4784
ibpB	589	-0.3302	2.029e-14	8.4765
cusA	589	-0.3298	2.223e-14	8.4648
ais	589	-0.3298	2.24e-14	8.4639
mobB	589	-0.329	2.701e-14	8.4399
ygbM	589	-0.3287	2.884e-14	8.4315
rzpD	589	-0.3283	3.146e-14	8.4203
ftsP	589	-0.3275	3.746e-14	8.3979
b1354	589	-0.3274	3.84e-14	8.3947
yedN_1	589	-0.3273	3.894e-14	8.3929
yfcP	589	-0.3273	3.905e-14	8.3925
yqgC	589	-0.3273	3.91e-14	8.3924
yhjB	589	-0.3269	4.276e-14	8.3809
yecT	589	-0.3268	4.37e-14	8.3780
ybfN	589	-0.3267	4.461e-14	8.3754
ydeR	589	-0.3267	4.441e-14	8.3760
yhcG	589	-0.3266	4.63e-14	8.3706
mltD	589	-0.3262	4.973e-14	8.3614
ligB	589	-0.326	5.217e-14	8.3552
rrrD	589	-0.3259	5.341e-14	8.3522
ylbG	589	-0.3255	5.794e-14	8.3416
ybcH	589	-0.3251	6.334e-14	8.3301
yfjS	589	-0.3249	6.661e-14	8.3235
ybeQ	589	-0.3248	6.797e-14	8.3209
tfaD	589	-0.3247	6.921e-14	8.3186
yfjY	589	-0.3246	7.162e-14	8.3141
yfiN	589	-0.3244	7.461e-14	8.3088
dgoK	589	-0.3241	8.024e-14	8.2994
yneE	589	-0.3236	8.825e-14	8.2870
trxC	589	-0.3235	9.114e-14	8.2828
fruK	589	-0.3233	9.442e-14	8.2782
feoB	589	-0.3233	9.561e-14	8.2766
wcaM	589	-0.3232	9.764e-14	8.2738
yidZ	589	-0.3229	1.034e-13	8.2663
dhaR	589	-0.3227	1.076e-13	8.2611
livK	589	-0.3227	1.075e-13	8.2612
yadL	589	-0.3226	1.112e-13	8.2569
yhcA	589	-0.3226	1.117e-13	8.2563
yegX	589	-0.3225	1.128e-13	8.2550
ygeO	589	-0.3224	1.15e-13	8.2525
relE	589	-0.3222	1.203e-13	8.2466
gspM	589	-0.3222	1.217e-13	8.2450
yjdF	589	-0.3221	1.24e-13	8.2426
yfjJ	589	-0.322	1.249e-13	8.2417
yqiH	589	-0.322	1.266e-13	8.2399
yaiY	589	-0.3218	1.31e-13	8.2355
cobC	589	-0.3217	1.343e-13	8.2321
yddK	589	-0.3217	1.346e-13	8.2319
yihO	589	-0.3216	1.385e-13	8.2281
yqeJ	589	-0.3214	1.435e-13	8.2235
yihN	589	-0.3213	1.478e-13	8.2196
hsrA	589	-0.3201	1.927e-13	8.1848
dxs	589	-0.3199	1.998e-13	8.1801
ygjP	589	-0.3199	1.972e-13	8.1818
yiiG	589	-0.3199	1.987e-13	8.1807
ybdN	589	-0.3197	2.092e-13	8.1740
yigA	589	-0.3193	2.283e-13	8.1625
entA	589	-0.3192	2.305e-13	8.1612
yqjH	589	-0.319	2.417e-13	8.1549
ygcG	589	-0.3189	2.488e-13	8.1511
hscC	589	-0.3184	2.783e-13	8.1363
ybgP	589	-0.3182	2.895e-13	8.1311
ygeQ	589	-0.3179	3.042e-13	8.1246
envR	589	-0.3176	3.261e-13	8.1153
yijO	589	-0.3174	3.379e-13	8.1106
ptrB	589	-0.3174	3.386e-13	8.1103
ydiL	589	-0.3173	3.473e-13	8.1070
yhfU	589	-0.3172	3.599e-13	8.1022
ycfZ	589	-0.317	3.756e-13	8.0966
bcsQ	589	-0.3169	3.78e-13	8.0957
yhhL	589	-0.3167	3.941e-13	8.0902
yfiR	589	-0.3166	4.007e-13	8.0880
rph	589	-0.3163	4.277e-13	8.0793
gor	589	-0.3162	4.392e-13	8.0758
murI	589	-0.3162	4.367e-13	8.0765
acrE	589	-0.3157	4.884e-13	8.0616
arpB_2	589	-0.3157	4.945e-13	8.0600
ybdJ	589	-0.3156	5.022e-13	8.0579
yegJ	589	-0.3155	5.167e-13	8.0541
thrA	589	-0.3153	5.285e-13	8.0511
casA	589	-0.3152	5.487e-13	8.0461
yihM	589	-0.3151	5.524e-13	8.0452
ppdA	589	-0.3148	5.964e-13	8.0350
yhiJ	589	-0.3144	6.443e-13	8.0246
ybeF	589	-0.3143	6.612e-13	8.0212
rcsA	589	-0.3143	6.622e-13	8.0210
ykgA	589	-0.3139	7.187e-13	8.0100
ampC	589	-0.3137	7.466e-13	8.0049
yiaV	589	-0.3131	8.435e-13	7.9885
dpiA	589	-0.3129	8.817e-13	7.9826
ygeW	589	-0.3128	8.998e-13	7.9798
ydjO	589	-0.3126	9.391e-13	7.9741
yhhS	589	-0.3126	9.376e-13	7.9743
sbmA	589	-0.3123	9.967e-13	7.9661
aaeA	589	-0.3121	1.047e-12	7.9595
gspB	589	-0.312	1.065e-12	7.9572
pphB	589	-0.3114	1.227e-12	7.9380
pinR	589	-0.3111	1.291e-12	7.9311
frc	589	-0.311	1.32e-12	7.9281
yfgO	589	-0.3109	1.34e-12	7.9261
ibpA	589	-0.3107	1.409e-12	7.9193
rfaZ	589	-0.3106	1.439e-12	7.9165
ydeQ	589	-0.3105	1.464e-12	7.9141
ygdB	589	-0.3105	1.478e-12	7.9129
yfjU	589	-0.3103	1.542e-12	7.9071
yi82_1	589	-0.31	1.616e-12	7.9008
barA	589	-0.3098	1.68e-12	7.8955
yidX	589	-0.3098	1.684e-12	7.8952
yiaJ	589	-0.3096	1.765e-12	7.8888
bglH	589	-0.3095	1.786e-12	7.8872
ispB	589	-0.3093	1.897e-12	7.8789
ygbI	589	-0.3092	1.916e-12	7.8776
yieK	589	-0.3091	1.952e-12	7.8751
cusR	589	-0.309	1.995e-12	7.8721
setC	589	-0.309	1.998e-12	7.8719
hcaE	589	-0.3088	2.076e-12	7.8667
lipA	589	-0.3084	2.256e-12	7.8554
yacG	589	-0.3084	2.245e-12	7.8561
yfgF	589	-0.3083	2.294e-12	7.8531
yiaK	589	-0.308	2.44e-12	7.8447
rna	589	-0.3077	2.61e-12	7.8355
ftsN	589	-0.3077	2.64e-12	7.8339
oxc	589	-0.3073	2.825e-12	7.8247
gyrB	589	-0.3073	2.827e-12	7.8246
yadC	589	-0.3071	2.954e-12	7.8185
dut	589	-0.3069	3.083e-12	7.8127
rayT	589	-0.3069	3.075e-12	7.8131
yneK	589	-0.3069	3.066e-12	7.8135
ycjS	589	-0.3068	3.171e-12	7.8088
yghR	589	-0.3066	3.287e-12	7.8039
citE	589	-0.3064	3.452e-12	7.7972
dipZ	589	-0.3063	3.506e-12	7.7950
ypdI	589	-0.3063	3.522e-12	7.7944
ymgD	589	-0.306	3.72e-12	7.7869
hofO	589	-0.3059	3.82e-12	7.7833
yihG	589	-0.3059	3.808e-12	7.7837
yjgL	589	-0.3052	4.358e-12	7.7652
entF	589	-0.3051	4.464e-12	7.7619
ybdM	589	-0.3051	4.494e-12	7.7609
higB	589	-0.3051	4.417e-12	7.7633
fruA	589	-0.305	4.537e-12	7.7596
intG	589	-0.3048	4.765e-12	7.7528
ulaG	589	-0.3047	4.808e-12	7.7516
yfjW	589	-0.3045	5.005e-12	7.7461
b1367	589	-0.3043	5.243e-12	7.7396
ygdQ	589	-0.304	5.61e-12	7.7303
dosP	589	-0.3038	5.818e-12	7.7253
yqeI	589	-0.3037	5.964e-12	7.7219
ilvD	589	-0.3036	5.997e-12	7.7211
yghS	589	-0.3035	6.196e-12	7.7166
recQ	589	-0.3031	6.746e-12	7.7048
fepC	589	-0.303	6.835e-12	7.7029
yqgF	589	-0.303	6.786e-12	7.7039
yidI	589	-0.3029	7.004e-12	7.6996
rhaT	589	-0.3025	7.557e-12	7.6890
yibL	589	-0.3023	7.888e-12	7.6831
sieB	589	-0.3021	8.167e-12	7.6782
nfrB	589	-0.3019	8.438e-12	7.6737
avtA	589	-0.3015	9.295e-12	7.6602
pinH	589	-0.3011	9.98e-12	7.6503
exuR	589	-0.3009	1.035e-11	7.6452
cbrC	589	-0.3006	1.095e-11	7.6373
yifB	589	-0.3003	1.173e-11	7.6278
nanM	589	-0.3003	1.163e-11	7.6289
cusC	589	-0.3002	1.201e-11	7.6245
iraM	589	-0.3002	1.208e-11	7.6236
tus	589	-0.3002	1.188e-11	7.6259
yrhA	589	-0.2999	1.278e-11	7.6158
ydiF	589	-0.2998	1.298e-11	7.6136
yegT	589	-0.2997	1.331e-11	7.6101
yadM	589	-0.2996	1.351e-11	7.6079
yggM	589	-0.2995	1.365e-11	7.6065
arnF	589	-0.2992	1.472e-11	7.5959
yehR	589	-0.2988	1.572e-11	7.5867
zupT	589	-0.2986	1.661e-11	7.5790
rhaB	589	-0.2985	1.674e-11	7.5778
ybhI	589	-0.2985	1.662e-11	7.5788
atoS	589	-0.2985	1.688e-11	7.5766
mqsA	589	-0.2982	1.787e-11	7.5686
yadK	589	-0.2982	1.763e-11	7.5705
tqsA	589	-0.2982	1.765e-11	7.5703
ybeR	589	-0.2981	1.813e-11	7.5666
modF	589	-0.2979	1.895e-11	7.5604
entB	589	-0.2978	1.929e-11	7.5578
mdtG	589	-0.2977	1.946e-11	7.5566
ydfI	589	-0.2977	1.973e-11	7.5546
gntK	589	-0.2974	2.102e-11	7.5457
yfjP	589	-0.2974	2.069e-11	7.5480
tfaX	589	-0.2973	2.122e-11	7.5444
lacA	589	-0.2972	2.156e-11	7.5421
fes	589	-0.2971	2.23e-11	7.5374
yjgW	589	-0.2971	2.229e-11	7.5375
yfcU	589	-0.2969	2.288e-11	7.5338
ydiN	589	-0.2968	2.34e-11	7.5306
b1903	589	-0.2968	2.365e-11	7.5290
ybcV	589	-0.2967	2.411e-11	7.5263
ygbE	589	-0.2966	2.42e-11	7.5258
nikR	589	-0.2963	2.604e-11	7.5154
borD	589	-0.2963	2.574e-11	7.5171
ascG	589	-0.2961	2.688e-11	7.5110
yeeO	589	-0.296	2.731e-11	7.5087
yjeO	589	-0.296	2.72e-11	7.5093
hisQ	589	-0.2958	2.869e-11	7.5017
waaI	589	-0.2958	2.858e-11	7.5022
ygjQ	589	-0.2958	2.861e-11	7.5021
gcl	589	-0.2956	2.975e-11	7.4965
yfhH	589	-0.2955	3.04e-11	7.4935
ygeH	589	-0.2955	3.019e-11	7.4945
ycaK	589	-0.2954	3.091e-11	7.4911
ycgG	589	-0.2949	3.39e-11	7.4780
yhfY	589	-0.2949	3.41e-11	7.4771
yhfW	589	-0.2948	3.456e-11	7.4752
ompN	589	-0.2944	3.727e-11	7.4645
gudX	589	-0.2942	3.896e-11	7.4581
polA	589	-0.2941	3.983e-11	7.4550
rfe	589	-0.2939	4.142e-11	7.4494
ompL	589	-0.2937	4.259e-11	7.4454
yadE	589	-0.2937	4.321e-11	7.4433
yhdX	589	-0.2936	4.409e-11	7.4405
ppc	589	-0.2935	4.443e-11	7.4394
ychE_1	589	-0.2934	4.552e-11	7.4359
perR	589	-0.2933	4.63e-11	7.4335
yzfA	589	-0.2928	5.072e-11	7.4204
ygeI	589	-0.2923	5.602e-11	7.4061
yjaZ	589	-0.2923	5.642e-11	7.4051
ybeU	589	-0.2921	5.915e-11	7.3984
gltJ	589	-0.292	5.973e-11	7.3969
ansP	589	-0.2918	6.213e-11	7.3913
ygeM	589	-0.2917	6.293e-11	7.3894
csgA	589	-0.2914	6.68e-11	7.3809
yjcF	589	-0.2914	6.709e-11	7.3802
ybdR	589	-0.2912	6.901e-11	7.3762
ykiB	589	-0.291	7.258e-11	7.3689
panF	589	-0.2909	7.408e-11	7.3659
allB	589	-0.2908	7.539e-11	7.3634
safA	589	-0.2908	7.494e-11	7.3643
ydfD	589	-0.2908	7.522e-11	7.3637
b3007	589	-0.2908	7.592e-11	7.3624
yciW	589	-0.2905	7.989e-11	7.3550
ybhM	589	-0.2902	8.391e-11	7.3479
yibG	589	-0.2901	8.609e-11	7.3442
dcuC	589	-0.29	8.837e-11	7.3404
yfaS_2	589	-0.2897	9.334e-11	7.3325
sgcR	589	-0.2891	1.044e-10	7.3163
yeeJ	589	-0.2889	1.076e-10	7.3120
yjgN	589	-0.2889	1.081e-10	7.3112
kdgT	589	-0.2888	1.099e-10	7.3088
mrdA	589	-0.2887	1.118e-10	7.3063
corA	589	-0.2887	1.112e-10	7.3071
smf_1	589	-0.2887	1.13e-10	7.3048
dsbG	589	-0.2886	1.138e-10	7.3038
queG	589	-0.2883	1.20e-10	7.2960
yfcD	589	-0.2882	1.228e-10	7.2926
yhiI	589	-0.2882	1.234e-10	7.2920
arnC	589	-0.2879	1.319e-10	7.2823
mdtH	589	-0.2878	1.329e-10	7.2812
yihT	589	-0.2873	1.47e-10	7.2665
ydiB	589	-0.2872	1.478e-10	7.2657
intD	589	-0.2871	1.519e-10	7.2617
yjhF	589	-0.2871	1.52e-10	7.2616
aceB	589	-0.2869	1.58e-10	7.2560
eptA	589	-0.2865	1.688e-10	7.2463
yhiS_1	589	-0.2863	1.782e-10	7.2383
asnC	589	-0.2862	1.795e-10	7.2373
nudC	589	-0.2861	1.821e-10	7.2351
rnk	589	-0.2861	1.83e-10	7.2344
ybcK	589	-0.286	1.867e-10	7.2315
clpB	589	-0.2859	1.893e-10	7.2295
yigM	589	-0.2854	2.108e-10	7.2137
ecpA	589	-0.2849	2.288e-10	7.2016
frvX	589	-0.2849	2.278e-10	7.2022
yjjB	589	-0.2847	2.397e-10	7.1948
yafE	589	-0.2846	2.448e-10	7.1917
clcB	589	-0.2845	2.453e-10	7.1914
dinD	589	-0.2845	2.459e-10	7.1910
frlA	589	-0.2844	2.542e-10	7.1861
yefM	589	-0.2842	2.61e-10	7.1822
yqiI	589	-0.2842	2.603e-10	7.1826
rutB	589	-0.2839	2.76e-10	7.1739
yraQ	589	-0.2839	2.76e-10	7.1740
higA	589	-0.2838	2.806e-10	7.1715
insA_1	589	-0.2834	3.052e-10	7.1591
intQ	589	-0.2833	3.084e-10	7.1575
yieL	589	-0.2833	3.073e-10	7.1581
yadN	589	-0.283	3.288e-10	7.1481
gadW	589	-0.2828	3.388e-10	7.1436
rlmJ	589	-0.2827	3.464e-10	7.1403
entC	589	-0.2823	3.721e-10	7.1297
rsmF	589	-0.2823	3.717e-10	7.1299
yqhA	589	-0.2822	3.816e-10	7.1260
b2084	589	-0.2821	3.888e-10	7.1232
yfaA	589	-0.282	3.901e-10	7.1227
yjaA	589	-0.282	3.916e-10	7.1221
mdtB	589	-0.2816	4.202e-10	7.1116
yehI	589	-0.2813	4.448e-10	7.1032
pagP	589	-0.2811	4.624e-10	7.0974
xseA	589	-0.2807	4.986e-10	7.0861
yqiJ	589	-0.2806	5.086e-10	7.0832
rlmI	589	-0.2804	5.292e-10	7.0772
ygeK	589	-0.2802	5.438e-10	7.0732
ygaY	589	-0.2802	5.513e-10	7.0711
argK	589	-0.2802	5.44e-10	7.0731
arnD	589	-0.2799	5.831e-10	7.0627
fsaB	589	-0.2793	6.483e-10	7.0468
csdA	589	-0.2791	6.694e-10	7.0420
tdcR	589	-0.279	6.868e-10	7.0382
yedN_2	589	-0.279	6.862e-10	7.0383
yghF	589	-0.2784	7.55e-10	7.0239
zapD	589	-0.2783	7.731e-10	7.0204
rcbA	589	-0.2781	7.992e-10	7.0154
hyfJ	589	-0.2779	8.337e-10	7.0090
frmB	589	-0.2778	8.461e-10	7.0068
trmA	589	-0.2778	8.502e-10	7.0060
yjhI	589	-0.2776	8.779e-10	7.0012
yafU	589	-0.2776	8.735e-10	7.0020
ybjI	589	-0.2776	8.769e-10	7.0014
cmtB	589	-0.2775	9.01e-10	6.9973
yadS	589	-0.2774	9.125e-10	6.9954
yfdI	589	-0.2774	9.123e-10	6.9954
ygcW	589	-0.2774	9.105e-10	6.9957
caiC	589	-0.2768	1.014e-09	6.9794
dld	589	-0.2768	1.019e-09	6.9787
yghG	589	-0.2766	1.049e-09	6.9743
sgbU	589	-0.2766	1.058e-09	6.9730
ompT	589	-0.2763	1.118e-09	6.9645
gspG	589	-0.2763	1.11e-09	6.9657
yfdP	589	-0.2761	1.15e-09	6.9603
glvB	589	-0.276	1.164e-09	6.9584
ydfB	589	-0.2759	1.205e-09	6.9533
nadD	589	-0.2758	1.22e-09	6.9514
leuS	589	-0.2758	1.223e-09	6.9510
yjjQ	589	-0.2755	1.273e-09	6.9449
fucA	589	-0.2754	1.313e-09	6.9402
malI	589	-0.2753	1.326e-09	6.9387
yhaC	589	-0.2752	1.363e-09	6.9344
rpoD	589	-0.2751	1.373e-09	6.9334
yhdW	589	-0.2751	1.376e-09	6.9330
cusS	589	-0.275	1.404e-09	6.9300
ykgM	589	-0.2748	1.463e-09	6.9237
ydfR	589	-0.2742	1.633e-09	6.9069
rfaL	589	-0.2741	1.659e-09	6.9046
acrR	589	-0.274	1.691e-09	6.9016
dsdX	589	-0.274	1.671e-09	6.9035
nepI	589	-0.2738	1.737e-09	6.8975
yicH	589	-0.2737	1.76e-09	6.8955
ycgY	589	-0.2736	1.795e-09	6.8925
yegR	589	-0.2735	1.827e-09	6.8897
nudE	589	-0.2731	1.982e-09	6.8773
yfjZ	589	-0.2731	1.974e-09	6.8779
ykgL	589	-0.273	1.996e-09	6.8762
casE	589	-0.273	2.006e-09	6.8754
yghW	589	-0.2729	2.051e-09	6.8720
melR	589	-0.2728	2.087e-09	6.8694
sgbH	589	-0.2726	2.165e-09	6.8637
rlmG	589	-0.2723	2.26e-09	6.8571
rhaR	589	-0.2722	2.329e-09	6.8525
metA	589	-0.272	2.376e-09	6.8494
dgoT	589	-0.2719	2.418e-09	6.8467
ybiA	589	-0.2718	2.462e-09	6.8440
yrdD	589	-0.2718	2.49e-09	6.8422
rpe	589	-0.2717	2.542e-09	6.8390
ygfZ	589	-0.2717	2.539e-09	6.8392
ylaB	589	-0.2716	2.55e-09	6.8386
nanS	589	-0.2715	2.601e-09	6.8355
hofN	589	-0.2714	2.639e-09	6.8332
yhdV	589	-0.2712	2.772e-09	6.8257
folK	589	-0.2708	2.95e-09	6.8160
gspL	589	-0.2702	3.272e-09	6.8000
pdhR	589	-0.2701	3.351e-09	6.7963
ycaM	589	-0.2698	3.518e-09	6.7887
ypfG	589	-0.2698	3.504e-09	6.7894
yidG	589	-0.2696	3.672e-09	6.7821
hemG	589	-0.2694	3.793e-09	6.7771
yfdE	589	-0.2692	3.891e-09	6.7731
exuT	589	-0.269	4.048e-09	6.7670
yaiX	589	-0.269	4.067e-09	6.7662
ydhP	589	-0.2688	4.217e-09	6.7606
rsmD	589	-0.2688	4.185e-09	6.7618
yfbR	589	-0.2685	4.452e-09	6.7521
yagL	589	-0.2684	4.536e-09	6.7492
endA	589	-0.2684	4.48e-09	6.7511
hslU	589	-0.2683	4.57e-09	6.7480
yedA	589	-0.2682	4.63e-09	6.7460
rtcA	589	-0.2682	4.684e-09	6.7442
yibJ	589	-0.2681	4.761e-09	6.7416
panE	589	-0.2679	4.887e-09	6.7376
ycjT	589	-0.2678	4.993e-09	6.7342
bacA	589	-0.2676	5.14e-09	6.7297
fadB	589	-0.2676	5.193e-09	6.7281
rcnA	589	-0.2672	5.511e-09	6.7188
yicL	589	-0.2672	5.519e-09	6.7185
ilvN	589	-0.267	5.743e-09	6.7123
racC	589	-0.267	5.766e-09	6.7117
yqeH	589	-0.267	5.719e-09	6.7130
smpB	589	-0.2667	6.001e-09	6.7054
tatE	589	-0.2665	6.203e-09	6.7002
ybcL	589	-0.2663	6.446e-09	6.6942
citX	589	-0.266	6.757e-09	6.6867
hemC	589	-0.2658	7.063e-09	6.6798
ypdF	589	-0.2658	7.104e-09	6.6789
php	589	-0.2658	7.036e-09	6.6804
yjfI	589	-0.2658	7.082e-09	6.6794
rutD	589	-0.2656	7.339e-09	6.6737
ygfQ	589	-0.2653	7.659e-09	6.6670
fepB	589	-0.2652	7.809e-09	6.6640
ykgI	589	-0.2648	8.314e-09	6.6541
citG	589	-0.2647	8.523e-09	6.6501
lptE	589	-0.2645	8.857e-09	6.6441
agaB	589	-0.2644	8.933e-09	6.6427
cbl	589	-0.2643	9.184e-09	6.6383
ybjT	589	-0.2643	9.073e-09	6.6402
phoE	589	-0.2641	9.379e-09	6.6350
gspE	589	-0.2641	9.506e-09	6.6329
csgC	589	-0.264	9.558e-09	6.6320
yibD	589	-0.2639	9.832e-09	6.6275
oppB	589	0.264	9.579e-09	6.6316
ndk	589	0.2641	9.426e-09	6.6342
gntR	589	0.2642	9.32e-09	6.6360
dacD	589	0.2645	8.766e-09	6.6457
moaD	589	0.2646	8.698e-09	6.6469
atoC	589	0.2647	8.457e-09	6.6514
recA	589	0.2647	8.54e-09	6.6498
ydfT	589	0.2649	8.166e-09	6.6569
yfeH	589	0.2652	7.778e-09	6.6646
gldA	589	0.2653	7.653e-09	6.6671
cspC	589	0.2654	7.592e-09	6.6684
ycgJ	589	0.2655	7.406e-09	6.6723
birA	589	0.2656	7.246e-09	6.6757
narH	589	0.2662	6.612e-09	6.6902
nhoA	589	0.2665	6.282e-09	6.6982
mepA	589	0.2668	5.942e-09	6.7069
garR	589	0.2668	5.885e-09	6.7085
ycgM	589	0.2669	5.84e-09	6.7097
oppA	589	0.2671	5.644e-09	6.7150
yfbT	589	0.2671	5.656e-09	6.7147
lnt	589	0.2672	5.509e-09	6.7188
gph	589	0.2672	5.515e-09	6.7186
nuoI	589	0.2673	5.46e-09	6.7202
yfeC	589	0.2675	5.253e-09	6.7263
fucI	589	0.2676	5.144e-09	6.7296
dam	589	0.2679	4.907e-09	6.7369
yhbP	589	0.268	4.855e-09	6.7386
aspA	589	0.2682	4.639e-09	6.7457
hcaF	589	0.2684	4.464e-09	6.7517
ydgK	589	0.2688	4.209e-09	6.7609
ftsX	589	0.2688	4.219e-09	6.7605
nuoK	589	0.2691	3.973e-09	6.7699
yebC	589	0.2693	3.85e-09	6.7748
agp	589	0.2694	3.782e-09	6.7775
uvrC	589	0.2694	3.759e-09	6.7785
nohA	589	0.2698	3.542e-09	6.7877
folA	589	0.2699	3.453e-09	6.7916
ppiB	589	0.2699	3.437e-09	6.7924
efp	589	0.2704	3.178e-09	6.8045
mcrD	589	0.2704	3.187e-09	6.8040
fdoH	589	0.2705	3.12e-09	6.8074
leuO	589	0.2706	3.07e-09	6.8099
fabR	589	0.2706	3.054e-09	6.8107
yhbE	589	0.2706	3.049e-09	6.8109
pitA	589	0.2709	2.921e-09	6.8175
yajC	589	0.2709	2.884e-09	6.8195
ftsY	589	0.2709	2.899e-09	6.8187
ymfN	589	0.2712	2.742e-09	6.8273
oppC	589	0.2712	2.757e-09	6.8265
tsr	589	0.2712	2.768e-09	6.8259
bamD	589	0.2717	2.509e-09	6.8410
plsX	589	0.272	2.404e-09	6.8476
yibH	589	0.2721	2.335e-09	6.8521
yciS	589	0.2722	2.299e-09	6.8545
yphC	589	0.2722	2.297e-09	6.8546
ydgC	589	0.2724	2.214e-09	6.8603
phnM	589	0.2726	2.161e-09	6.8640
proS	589	0.2733	1.899e-09	6.8838
nuoF	589	0.2734	1.856e-09	6.8873
mltA	589	0.2736	1.816e-09	6.8907
dedA	589	0.274	1.677e-09	6.9029
ybiV	589	0.2741	1.649e-09	6.9054
hyaE	589	0.2744	1.574e-09	6.9126
yegH	589	0.2749	1.427e-09	6.9275
nuoB	589	0.275	1.409e-09	6.9294
ybjQ	589	0.275	1.417e-09	6.9286
holC	589	0.275	1.407e-09	6.9296
degS	589	0.2751	1.382e-09	6.9324
menE	589	0.2753	1.332e-09	6.9380
epmC	589	0.2754	1.308e-09	6.9408
smrA	589	0.2756	1.251e-09	6.9475
sufS	589	0.2758	1.222e-09	6.9510
ydjM	589	0.2763	1.109e-09	6.9658
xerD	589	0.2763	1.117e-09	6.9647
yehW	589	0.2764	1.096e-09	6.9677
ccmG	589	0.2764	1.098e-09	6.9674
ivy	589	0.2765	1.071e-09	6.9711
curA	589	0.2765	1.07e-09	6.9713
moeB	589	0.2767	1.034e-09	6.9765
prc	589	0.2767	1.032e-09	6.9768
kdsA	589	0.2768	1.018e-09	6.9787
mutT	589	0.2775	9.033e-10	6.9969
ybaE	589	0.2776	8.811e-10	7.0006
yceH	589	0.2777	8.641e-10	7.0036
sbcB	589	0.2781	8.01e-10	7.0150
mcrB	589	0.2782	7.931e-10	7.0165
ybjL	589	0.2783	7.707e-10	7.0208
zapC	589	0.2785	7.518e-10	7.0246
galF	589	0.2786	7.328e-10	7.0284
yjjX	589	0.2787	7.266e-10	7.0297
ugpC	589	0.2789	6.957e-10	7.0362
ynjA	589	0.279	6.82e-10	7.0392
yohK	589	0.2794	6.374e-10	7.0494
fdnH	589	0.2796	6.158e-10	7.0545
yhbU	589	0.2797	6.039e-10	7.0575
ygiC	589	0.2799	5.739e-10	7.0651
nuoJ	589	0.28	5.727e-10	7.0654
lpxM	589	0.2801	5.557e-10	7.0699
ymfS	589	0.2801	5.60e-10	7.0688
spr	589	0.2801	5.567e-10	7.0697
yphA	589	0.2805	5.209e-10	7.0796
prfB	589	0.2805	5.172e-10	7.0807
ygiM	589	0.2806	5.084e-10	7.0832
betB	589	0.2807	4.993e-10	7.0859
apt	589	0.2809	4.824e-10	7.0910
yadG	589	0.2809	4.795e-10	7.0920
fimE	589	0.2809	4.821e-10	7.0912
menD	589	0.281	4.719e-10	7.0943
ycjQ	589	0.2811	4.654e-10	7.0964
wzxE	589	0.2812	4.534e-10	7.1003
groS	589	0.2815	4.296e-10	7.1083
cydC	589	0.2819	3.978e-10	7.1198
pmrD	589	0.2827	3.469e-10	7.1401
rarA	589	0.2828	3.367e-10	7.1445
maeB	589	0.283	3.254e-10	7.1496
yafP	589	0.283	3.272e-10	7.1488
yhaJ	589	0.2831	3.221e-10	7.1511
mdtQ	589	0.2831	3.224e-10	7.1510
ssb	589	0.2837	2.877e-10	7.1678
tbpA	589	0.2839	2.769e-10	7.1735
hyfD	589	0.2841	2.644e-10	7.1803
lptB	589	0.2842	2.611e-10	7.1821
dapA	589	0.2844	2.521e-10	7.1873
envC	589	0.2844	2.509e-10	7.1880
pepT	589	0.2847	2.377e-10	7.1960
ymfR	589	0.2847	2.407e-10	7.1942
ymfP	589	0.2847	2.376e-10	7.1961
pncC	589	0.285	2.242e-10	7.2046
ybeX	589	0.2851	2.208e-10	7.2069
nanT	589	0.2853	2.143e-10	7.2113
ypeA	589	0.2855	2.059e-10	7.2171
dcuA	589	0.2856	1.999e-10	7.2215
yciB	589	0.2856	2.022e-10	7.2198
grxC	589	0.2857	1.982e-10	7.2228
mnmA	589	0.2858	1.942e-10	7.2257
yedJ	589	0.2858	1.956e-10	7.2246
lpxA	589	0.286	1.869e-10	7.2313
yobA	589	0.286	1.871e-10	7.2311
asmA	589	0.2861	1.845e-10	7.2333
uup	589	0.2862	1.795e-10	7.2373
ybiW	589	0.2867	1.647e-10	7.2499
fabH	589	0.2868	1.618e-10	7.2525
yfgG	589	0.287	1.535e-10	7.2602
moeA	589	0.2871	1.527e-10	7.2609
yecF	589	0.2871	1.53e-10	7.2606
rpmF	589	0.2873	1.453e-10	7.2682
yedD	589	0.2874	1.444e-10	7.2690
yihD	589	0.2879	1.308e-10	7.2835
preT	589	0.288	1.281e-10	7.2865
fklB	589	0.2883	1.218e-10	7.2939
yjjU	589	0.2888	1.097e-10	7.3091
trpR	589	0.289	1.059e-10	7.3142
cynT	589	0.289	1.054e-10	7.3149
aspS	589	0.2892	1.014e-10	7.3206
yhbW	589	0.2892	1.016e-10	7.3202
rpiA	589	0.2894	9.909e-11	7.3239
ltaE	589	0.2895	9.575e-11	7.3288
yneJ	589	0.2896	9.469e-11	7.3305
tolR	589	0.2899	8.988e-11	7.3380
pykF	589	0.2906	7.759e-11	7.3593
zwf	589	0.2907	7.695e-11	7.3605
alkA	589	0.2907	7.639e-11	7.3615
fhuB	589	0.2908	7.51e-11	7.3640
ldhA	589	0.291	7.196e-11	7.3701
fpr	589	0.2912	6.93e-11	7.3756
rmuC	589	0.2914	6.661e-11	7.3813
fimH	589	0.2915	6.634e-11	7.3818
yhjR	589	0.2918	6.241e-11	7.3906
moaE	589	0.2921	5.844e-11	7.4001
narY	589	0.2921	5.856e-11	7.3998
ydbL	589	0.2922	5.796e-11	7.4013
ygiB	589	0.2922	5.702e-11	7.4036
phnI	589	0.2922	5.795e-11	7.4013
eno	589	0.2924	5.562e-11	7.4072
fldA	589	0.2926	5.307e-11	7.4139
hsdR	589	0.2928	5.081e-11	7.4202
ybjG	589	0.293	4.935e-11	7.4243
yadH	589	0.2932	4.75e-11	7.4298
cynR	589	0.2933	4.615e-11	7.4339
lpcA	589	0.2933	4.647e-11	7.4330
ybaM	589	0.2933	4.664e-11	7.4324
tsaB	589	0.2933	4.64e-11	7.4332
pagB	589	0.2936	4.365e-11	7.4419
lpxH	589	0.2937	4.317e-11	7.4435
setA	589	0.2938	4.192e-11	7.4477
fliF	589	0.294	4.095e-11	7.4510
wcaF	589	0.294	4.023e-11	7.4536
rsxD	589	0.2942	3.933e-11	7.4568
rsmE	589	0.2942	3.885e-11	7.4585
astA	589	0.2947	3.518e-11	7.4727
glnS	589	0.2948	3.50e-11	7.4734
pssA	589	0.295	3.306e-11	7.4815
fadM	589	0.295	3.335e-11	7.4803
fdx	589	0.2957	2.921e-11	7.4991
nudB	589	0.2958	2.833e-11	7.5035
cyaY	589	0.2958	2.864e-11	7.5019
aroK	589	0.2966	2.454e-11	7.5238
mhpT	589	0.2967	2.373e-11	7.5286
cptB	589	0.2967	2.381e-11	7.5281
arnA	589	0.2968	2.344e-11	7.5303
ratB	589	0.2969	2.282e-11	7.5341
yjiR	589	0.2973	2.143e-11	7.5430
truA	589	0.2974	2.09e-11	7.5466
glnB	589	0.2977	1.984e-11	7.5539
ymbA	589	0.2979	1.875e-11	7.5618
allA	589	0.298	1.861e-11	7.5629
dsbA	589	0.2981	1.809e-11	7.5669
yjiU	589	0.2982	1.79e-11	7.5684
hupB	589	0.2983	1.745e-11	7.5720
nagB	589	0.2983	1.733e-11	7.5729
yobF	589	0.2983	1.747e-11	7.5718
yeeW	589	0.2983	1.739e-11	7.5725
fabZ	589	0.2984	1.697e-11	7.5759
nrfE	589	0.2985	1.685e-11	7.5769
yjiH	589	0.2986	1.643e-11	7.5805
yggX	589	0.2989	1.549e-11	7.5887
lsrC	589	0.2992	1.469e-11	7.5962
kefB	589	0.2993	1.442e-11	7.5988
yagG	589	0.2993	1.443e-11	7.5987
dnaA	589	0.2994	1.404e-11	7.6026
hlpA	589	0.3001	1.224e-11	7.6218
ybgI	589	0.3001	1.224e-11	7.6218
nuoE	589	0.3002	1.19e-11	7.6257
moaC	589	0.3004	1.156e-11	7.6297
dnaC	589	0.3006	1.099e-11	7.6368
ymfO	589	0.3008	1.059e-11	7.6420
lolA	589	0.3012	9.772e-12	7.6532
yfcE	589	0.3012	9.732e-12	7.6538
nirD	589	0.3013	9.517e-12	7.6569
focA	589	0.3017	8.818e-12	7.6675
glmS	589	0.3017	8.898e-12	7.6663
yahD	589	0.3019	8.535e-12	7.6721
topB	589	0.302	8.308e-12	7.6759
yedW	589	0.3022	8.02e-12	7.6808
yqcA	589	0.3022	7.96e-12	7.6818
yhaH	589	0.3025	7.555e-12	7.6891
tfaQ	589	0.3026	7.393e-12	7.6921
secE	589	0.3029	6.962e-12	7.7004
mdlB	589	0.303	6.856e-12	7.7025
yhjK	589	0.303	6.78e-12	7.7041
nuoL	589	0.3033	6.438e-12	7.7113
hinT	589	0.3033	6.369e-12	7.7127
dinG	589	0.3036	6.103e-12	7.7187
pgl	589	0.3037	5.94e-12	7.7224
yejO	589	0.3037	5.888e-12	7.7236
miaB	589	0.3038	5.803e-12	7.7256
maeA	589	0.3041	5.482e-12	7.7335
hha	589	0.3041	5.482e-12	7.7335
ybaT	589	0.3041	5.429e-12	7.7348
ychN	589	0.3045	5.05e-12	7.7448
lpxK	589	0.3046	4.939e-12	7.7479
amyA	589	0.3049	4.619e-12	7.7572
apbE	589	0.3049	4.616e-12	7.7572
glrK	589	0.3049	4.61e-12	7.7574
yjiK	589	0.305	4.512e-12	7.7604
betI	589	0.3051	4.454e-12	7.7622
hflC	589	0.3051	4.417e-12	7.7633
deoD	589	0.3052	4.348e-12	7.7655
ileS	589	0.3053	4.292e-12	7.7672
yebF	589	0.3053	4.291e-12	7.7673
mhpA	589	0.3057	3.967e-12	7.7781
ccmE	589	0.306	3.703e-12	7.7875
ymfQ	589	0.3061	3.641e-12	7.7899
rodZ	589	0.3061	3.625e-12	7.7905
pqiB	589	0.3064	3.399e-12	7.7993
narZ	589	0.3066	3.291e-12	7.8037
yjiP	589	0.3066	3.274e-12	7.8044
lolD	589	0.3067	3.23e-12	7.8063
psuG	589	0.3068	3.155e-12	7.8095
ytjB	589	0.307	3.026e-12	7.8153
rnr	589	0.3071	2.971e-12	7.8177
manA	589	0.3073	2.816e-12	7.8251
ybjN	589	0.3073	2.85e-12	7.8234
pinE	589	0.3075	2.71e-12	7.8304
recC	589	0.3075	2.736e-12	7.8290
yehT	589	0.3078	2.575e-12	7.8373
zntA	589	0.308	2.478e-12	7.8426
garK	589	0.3082	2.37e-12	7.8486
ybbB	589	0.3083	2.33e-12	7.8510
yggE	589	0.3083	2.298e-12	7.8529
minC	589	0.3084	2.258e-12	7.8553
ydfG	589	0.3091	1.958e-12	7.8746
lgt	589	0.3095	1.79e-12	7.8868
valS	589	0.3108	1.375e-12	7.9226
cysQ	589	0.3112	1.263e-12	7.9342
fmt	589	0.3116	1.161e-12	7.9455
nagD	589	0.3116	1.167e-12	7.9448
dnaT	589	0.3116	1.172e-12	7.9443
ffh	589	0.3117	1.135e-12	7.9486
insN_1	589	0.3118	1.12e-12	7.9504
hisL	589	0.3119	1.098e-12	7.9530
kptA	589	0.3121	1.055e-12	7.9584
napC	589	0.3122	1.026e-12	7.9622
ydcT	589	0.3126	9.423e-13	7.9736
eutM	589	0.3127	9.168e-13	7.9773
qor	589	0.3127	9.308e-13	7.9753
ftsA	589	0.3129	8.787e-13	7.9830
srlB	589	0.313	8.763e-13	7.9834
rseB	589	0.3135	7.857e-13	7.9981
ulaC	589	0.3135	7.812e-13	7.9988
yjiM	589	0.3139	7.145e-13	8.0108
edd	589	0.314	6.969e-13	8.0141
cptA	589	0.314	7.026e-13	8.0130
ybhA	589	0.3141	6.898e-13	8.0155
tam	589	0.3141	6.821e-13	8.0170
yqaB	589	0.3141	6.848e-13	8.0165
srlE	589	0.3141	6.837e-13	8.0167
napF	589	0.3141	6.873e-13	8.0160
bamB	589	0.3142	6.755e-13	8.0183
yhcC	589	0.3143	6.562e-13	8.0222
iadA	589	0.3143	6.574e-13	8.0219
nuoH	589	0.3144	6.398e-13	8.0256
speB	589	0.3145	6.37e-13	8.0262
ampH	589	0.3149	5.805e-13	8.0386
sgrR	589	0.315	5.652e-13	8.0421
ydiK	589	0.3155	5.109e-13	8.0556
bioC	589	0.3156	5.037e-13	8.0575
nagE	589	0.3158	4.816e-13	8.0635
hsdM	589	0.316	4.577e-13	8.0703
accD	589	0.3163	4.349e-13	8.0771
baeS	589	0.3163	4.321e-13	8.0779
yahK	589	0.3165	4.126e-13	8.0841
yahJ	589	0.3172	3.575e-13	8.1031
symE	589	0.3172	3.553e-13	8.1040
uvrA	589	0.3173	3.47e-13	8.1071
lsrF	589	0.3176	3.262e-13	8.1153
vsr	589	0.3176	3.261e-13	8.1153
arcB	589	0.318	2.985e-13	8.1270
rsgA	589	0.3186	2.62e-13	8.1443
ydcL	589	0.3188	2.52e-13	8.1494
yjbR	589	0.3188	2.516e-13	8.1496
xthA	589	0.319	2.403e-13	8.1557
hemE	589	0.3193	2.277e-13	8.1628
nikD	589	0.3194	2.211e-13	8.1667
yjaG	589	0.3194	2.204e-13	8.1671
yjiE	589	0.3196	2.122e-13	8.1721
yjjM	589	0.3196	2.121e-13	8.1722
yqjE	589	0.3196	2.107e-13	8.1730
yqfB	589	0.3197	2.10e-13	8.1734
phoB	589	0.3198	2.023e-13	8.1784
pheT	589	0.3198	2.022e-13	8.1785
ybgC	589	0.3202	1.86e-13	8.1895
yohH	589	0.3202	1.864e-13	8.1891
ubiC	589	0.3203	1.825e-13	8.1919
pdxY	589	0.3209	1.599e-13	8.2093
pabA	589	0.321	1.567e-13	8.2120
msrC	589	0.321	1.558e-13	8.2127
eutN	589	0.3212	1.505e-13	8.2172
uvrY	589	0.3213	1.476e-13	8.2198
mgsA	589	0.3215	1.396e-13	8.2271
araE	589	0.3216	1.375e-13	8.2291
fryC	589	0.3218	1.33e-13	8.2334
yfeO	589	0.3219	1.294e-13	8.2370
glrR	589	0.322	1.272e-13	8.2393
yabI	589	0.3221	1.237e-13	8.2429
nagK	589	0.3224	1.166e-13	8.2506
menH	589	0.3224	1.167e-13	8.2506
glpG	589	0.3225	1.138e-13	8.2538
fdnG	589	0.323	1.014e-13	8.2689
rnt	589	0.3231	9.813e-14	8.2732
priC	589	0.3234	9.357e-14	8.2794
yohD	589	0.3234	9.328e-14	8.2798
phnJ	589	0.3234	9.29e-14	8.2803
thiQ	589	0.3235	9.087e-14	8.2832
ycjG	589	0.3235	9.096e-14	8.2831
yahM	589	0.3236	8.874e-14	8.2863
recR	589	0.3236	8.966e-14	8.2849
ydcD	589	0.3238	8.418e-14	8.2931
kefC	589	0.3242	7.758e-14	8.3038
ftsZ	589	0.3243	7.566e-14	8.3070
cobB	589	0.3245	7.36e-14	8.3106
mipA	589	0.3254	5.978e-14	8.3376
zipA	589	0.3254	5.979e-14	8.3375
yggL	589	0.3257	5.597e-14	8.3461
yacL	589	0.3258	5.515e-14	8.3480
ytjC	589	0.3259	5.345e-14	8.3520
rffH	589	0.3262	4.986e-14	8.3610
yeiR	589	0.3268	4.396e-14	8.3773
ycjN	589	0.3269	4.296e-14	8.3802
mdtM	589	0.3269	4.249e-14	8.3817
yjiT	589	0.3271	4.06e-14	8.3875
clsA	589	0.3274	3.861e-14	8.3940
nuoM	589	0.3275	3.707e-14	8.3992
mhpF	589	0.328	3.345e-14	8.4124
yjiG	589	0.3281	3.278e-14	8.4151
hfq	589	0.3285	3.012e-14	8.4259
ybaP	589	0.3286	2.907e-14	8.4305
eutK	589	0.3286	2.905e-14	8.4306
ycfL	589	0.3293	2.484e-14	8.4506
yjiY	589	0.3293	2.503e-14	8.4497
yecM	589	0.3299	2.199e-14	8.4662
hflX	589	0.33	2.157e-14	8.4687
yjdI	589	0.3302	2.03e-14	8.4764
yqfE	589	0.3304	1.963e-14	8.4807
glk	589	0.3306	1.872e-14	8.4867
murD	589	0.3309	1.741e-14	8.4960
frdC	589	0.3311	1.658e-14	8.5023
nudJ	589	0.3312	1.637e-14	8.5038
baeR	589	0.3314	1.571e-14	8.5091
hscA	589	0.3314	1.557e-14	8.5103
can	589	0.3315	1.519e-14	8.5134
pbpG	589	0.3315	1.522e-14	8.5131
glmU	589	0.3315	1.522e-14	8.5132
yfeZ	589	0.3317	1.469e-14	8.5176
ftsQ	589	0.3326	1.196e-14	8.5437
xseB	589	0.3327	1.166e-14	8.5470
lpxB	589	0.3328	1.121e-14	8.5519
pgsA	589	0.3328	1.124e-14	8.5516
rluE	589	0.3334	9.899e-15	8.5677
ccmH	589	0.3336	9.347e-15	8.5750
alaS	589	0.3337	9.318e-15	8.5754
ybbP	589	0.3338	9.12e-15	8.5781
eutP	589	0.3338	9.022e-15	8.5794
mntR	589	0.3339	8.756e-15	8.5832
mokB	589	0.3339	8.876e-15	8.5815
mrr	589	0.3339	8.766e-15	8.5831
ispE	589	0.334	8.66e-15	8.5846
orn	589	0.3346	7.509e-15	8.6026
yibN	589	0.3349	7.004e-15	8.6114
yfgC	589	0.3355	6.063e-15	8.6295
dedD	589	0.3358	5.692e-15	8.6375
cbpA	589	0.336	5.381e-15	8.6445
yfcA	589	0.336	5.421e-15	8.6436
ccmC	589	0.3361	5.356e-15	8.6451
proW	589	0.3361	5.289e-15	8.6467
mukF	589	0.3362	5.245e-15	8.6477
nuoG	589	0.3368	4.56e-15	8.6653
ptsI	589	0.3369	4.378e-15	8.6704
nfsA	589	0.3371	4.214e-15	8.6752
putP	589	0.3372	4.107e-15	8.6784
acrZ	589	0.3372	4.079e-15	8.6792
nrfC	589	0.3373	4.033e-15	8.6807
apaG	589	0.3383	3.203e-15	8.7094
uvrB	589	0.3383	3.219e-15	8.7088
fcl	589	0.3385	3.058e-15	8.7152
yehU	589	0.3386	2.978e-15	8.7185
chbB	589	0.3387	2.924e-15	8.7208
yciA	589	0.3389	2.744e-15	8.7287
pmbA	589	0.3393	2.531e-15	8.7388
yjiL	589	0.3395	2.413e-15	8.7447
modE	589	0.3401	2.114e-15	8.7612
ycdF	589	0.3407	1.806e-15	8.7807
yniB	589	0.3416	1.466e-15	8.8065
anmK	589	0.3418	1.415e-15	8.8109
pka	589	0.3418	1.408e-15	8.8115
cdsA	589	0.342	1.342e-15	8.8174
fabG	589	0.342	1.334e-15	8.8182
chaB	589	0.342	1.329e-15	8.8186
alaT	589	0.3422	1.284e-15	8.8229
mutL	589	0.3424	1.222e-15	8.8290
grxD	589	0.3425	1.193e-15	8.8320
rssB	589	0.3426	1.165e-15	8.8349
yibI	589	0.3428	1.102e-15	8.8417
lpxD	589	0.343	1.048e-15	8.8479
polB	589	0.3431	1.031e-15	8.8499
ybiO	589	0.3431	1.03e-15	8.8500
napH	589	0.3435	9.375e-16	8.8616
yjjK	589	0.3438	8.74e-16	8.8702
yahN	589	0.3442	8.006e-16	8.8810
yhdE	589	0.3442	8.022e-16	8.8808
yoaF	589	0.3454	5.923e-16	8.9179
yggS	589	0.3456	5.658e-16	8.9235
yrbG	589	0.3457	5.517e-16	8.9266
ypfH	589	0.3458	5.478e-16	8.9275
gntX	589	0.3459	5.328e-16	8.9309
rnhB	589	0.3463	4.808e-16	8.9434
ybhS	589	0.3466	4.511e-16	8.9512
idi	589	0.3471	3.925e-16	8.9681
fhuD	589	0.3484	2.869e-16	9.0062
ypdA	589	0.3484	2.90e-16	9.0049
folC	589	0.3485	2.801e-16	9.0091
ispD	589	0.3485	2.792e-16	9.0095
pyrG	589	0.3487	2.692e-16	9.0139
zur	589	0.349	2.49e-16	9.0234
hrpB	589	0.3492	2.381e-16	9.0288
ypdB	589	0.351	1.545e-16	9.0810
rdoA	589	0.3511	1.511e-16	9.0837
prpE	589	0.352	1.19e-16	9.1125
iraD	589	0.3525	1.053e-16	9.1271
ftsK	589	0.3526	1.043e-16	9.1282
sufE	589	0.3527	9.983e-17	9.1335
yciU	589	0.3528	9.944e-17	9.1340
ytfT	589	0.3529	9.565e-17	9.1386
yqaA	589	0.3532	8.996e-17	9.1460
feaB	589	0.3533	8.658e-17	9.1506
deoC	589	0.3539	7.546e-17	9.1670
yiaF	589	0.3539	7.512e-17	9.1675
paoB	589	0.3542	7.03e-17	9.1755
galU	589	0.3545	6.539e-17	9.1841
yjgA	589	0.3548	6.016e-17	9.1940
ruvA	589	0.3549	5.857e-17	9.1972
prpC	589	0.3551	5.602e-17	9.2025
mscK	589	0.3551	5.572e-17	9.2032
yhjJ	589	0.3554	5.111e-17	9.2135
uxuR	589	0.3556	4.97e-17	9.2168
ybgL	589	0.3556	4.949e-17	9.2173
ptrA	589	0.3557	4.791e-17	9.2211
frdA	589	0.3558	4.672e-17	9.2242
yfjD	589	0.3558	4.636e-17	9.2251
hemA	589	0.3567	3.774e-17	9.2495
fabA	589	0.3569	3.524e-17	9.2576
ada	589	0.357	3.477e-17	9.2592
betT	589	0.3577	2.89e-17	9.2811
ligT	589	0.3582	2.542e-17	9.2963
araD	589	0.3587	2.276e-17	9.3093
ccmF	589	0.3588	2.184e-17	9.3142
ybjC	589	0.359	2.117e-17	9.3179
thiK	589	0.3591	2.039e-17	9.3223
sapF	589	0.3592	1.973e-17	9.3262
mhpE	589	0.3595	1.859e-17	9.3332
yciV	589	0.3596	1.781e-17	9.3382
menB	589	0.3597	1.741e-17	9.3409
yafV	589	0.36	1.607e-17	9.3503
yjiX	589	0.3608	1.344e-17	9.3713
lexA	589	0.3611	1.223e-17	9.3823
yigL	589	0.3611	1.214e-17	9.3833
ccmB	589	0.3612	1.189e-17	9.3857
rimK	589	0.3615	1.10e-17	9.3948
dinF	589	0.3615	1.122e-17	9.3925
tsaD	589	0.362	9.846e-18	9.4078
ccmA	589	0.3622	9.306e-18	9.4144
prpR	589	0.3623	9.059e-18	9.4175
ycbZ	589	0.363	7.508e-18	9.4394
mgrB	589	0.3632	7.101e-18	9.4459
yciC	589	0.3636	6.501e-18	9.4562
yedI	589	0.3646	5.049e-18	9.4856
yeiE	589	0.3648	4.751e-18	9.4927
gntP	589	0.366	3.441e-18	9.5301
gnsB	589	0.3663	3.211e-18	9.5381
frdB	589	0.3672	2.522e-18	9.5660
murC	589	0.3677	2.228e-18	9.5803
ppx	589	0.3681	2.034e-18	9.5908
trmI	589	0.3681	2.017e-18	9.5918
ybaA	589	0.3695	1.39e-18	9.6345
yjiA	589	0.3697	1.327e-18	9.6399
yebK	589	0.3702	1.16e-18	9.6553
prpD	589	0.3703	1.125e-18	9.6588
yjjN	589	0.3709	9.539e-19	9.6777
ybgA	589	0.3711	9.153e-19	9.6824
pgpB	589	0.3718	7.525e-19	9.7047
miaA	589	0.3721	7.002e-19	9.7130
yahI	589	0.3723	6.567e-19	9.7203
nanE	589	0.3724	6.415e-19	9.7229
yehY	589	0.3726	6.139e-19	9.7279
lplT	589	0.373	5.534e-19	9.7397
napD	589	0.373	5.568e-19	9.7390
uxuA	589	0.3737	4.537e-19	9.7623
cmk	589	0.3738	4.505e-19	9.7631
narJ	589	0.3743	3.859e-19	9.7807
yjfF	589	0.3746	3.626e-19	9.7877
smtA	589	0.375	3.233e-19	9.8007
sapC	589	0.3751	3.122e-19	9.8046
glxK	589	0.3757	2.694e-19	9.8213
yigP	589	0.3757	2.69e-19	9.8215
hcaT	589	0.3769	1.91e-19	9.8601
murR	589	0.378	1.439e-19	9.8920
yihX	589	0.3781	1.402e-19	9.8949
murF	589	0.3785	1.262e-19	9.9067
rcsD	589	0.3808	6.631e-20	9.9786
syd	589	0.3815	5.502e-20	9.9994
gcvH	589	0.3819	4.978e-20	10.0106
napG	589	0.3821	4.686e-20	10.0173
dxr	589	0.3823	4.361e-20	10.0253
nudI	589	0.3825	4.215e-20	10.0290
mhpD	589	0.383	3.67e-20	10.0444
nupC	589	0.3843	2.561e-20	10.0843
gcvT	589	0.3844	2.443e-20	10.0894
murE	589	0.3852	1.959e-20	10.1139
prpB	589	0.3853	1.899e-20	10.1173
yjjL	589	0.3854	1.857e-20	10.1198
rluD	589	0.3869	1.24e-20	10.1642
uxuB	589	0.3875	1.041e-20	10.1834
yciO	589	0.3877	9.874e-21	10.1892
surE	589	0.3882	8.401e-21	10.2069
agaR	589	0.3893	6.224e-21	10.2397
yliI	589	0.3898	5.386e-21	10.2555
yjiS	589	0.3902	4.778e-21	10.2685
csiR	589	0.3908	4.086e-21	10.2856
fabB	589	0.391	3.827e-21	10.2927
astB	589	0.3914	3.423e-21	10.3048
murG	589	0.3919	2.956e-21	10.3208
dbpA	589	0.3947	1.315e-21	10.4084
mlaA	589	0.3951	1.184e-21	10.4197
fdoG	589	0.3963	8.24e-22	10.4587
yjiN	589	0.3974	6.109e-22	10.4908
nagA	589	0.3977	5.584e-22	10.5004
yacC	589	0.3983	4.583e-22	10.5215
ftsB	589	0.3984	4.534e-22	10.5227
ubiA	589	0.4001	2.761e-22	10.5756
dnaE	589	0.4004	2.512e-22	10.5857
mdoB	589	0.4018	1.635e-22	10.6313
nadR	589	0.4041	8.367e-23	10.7021
yfcZ	589	0.4058	4.964e-23	10.7571
ygiA	589	0.4065	3.96e-23	10.7808
rsmH	589	0.4068	3.651e-23	10.7893
nfo	589	0.4074	3.088e-23	10.8069
ybaL	589	0.408	2.569e-23	10.8261
ydcV	589	0.4103	1.251e-23	10.9012
pcm	589	0.4135	4.703e-24	11.0025
truD	589	0.4143	3.625e-24	11.0294
mog	589	0.4171	1.532e-24	11.1179
ddlB	589	0.4171	1.511e-24	11.1192
ybhB	589	0.4178	1.198e-24	11.1430
tsx	589	0.4188	8.735e-25	11.1753
mraZ	589	0.4215	3.796e-25	11.2601
ftsL	589	0.4222	2.976e-25	11.2847
btuD	589	0.4258	9.45e-26	11.4004
arfB	589	0.4279	4.712e-26	11.4702
yehX	589	0.4293	2.962e-26	11.5166
yaeQ	589	0.4303	2.154e-26	11.5483
ubiB	589	0.4308	1.827e-26	11.5647
yqfA	589	0.4346	5.151e-27	11.6900
yjiC	589	0.4416	4.744e-28	11.9235
tamB	589	0.4486	4.088e-29	12.1600
tnaC	589	0.451	1.729e-29	12.2423
eco	589	0.4537	6.592e-30	12.3339
cspG	589	0.4627	2.376e-31	12.6462
add	589	0.485	4.102e-35	13.4359
ycdZ	589	0.4918	2.518e-36	13.6835
melA	589	0.5106	7.451e-40	14.3882
kbl	589	0.5158	7.309e-41	14.5855
tppB	589	0.5172	3.81e-41	14.6405
nhaA	589	0.5216	4.915e-42	14.8127
udp	589	0.5528	1.005e-48	16.0703
cdd	589	0.5878	2.738e-57	17.6019
